{"lang":"en","page":{"pageTitle":"Service Updates","pageSubtitle":"Coming December 14, 2025","introP1":"Starting December  14, 2025, Metro is making changes to bus service to provide more frequent and reliable trips to get riders where they need to go, when they need to go.","introP2":"Download a PDF summary of the latest updates in:","download":"Download","lineListTitle":"These lines have updates:","update":"Update:","reason":"Reason:","schedule":"New schedule","map":"See Map","privacy":"Privacy Policy","terms":"Terms of Use","contact":"Contact Us","showTranslateButton":"TRUE","translate":"Translate","top":"Back to top","selectLanguage":"Select Language","takeone_label_en":"English","takeone_label_es":"Español (Spanish)","takeone_label_hy":"հայերեն (Armenian)","takeone_label_zh-tw":"中文 (Chinese Traditional)","takeone_label_ko":"한국어 (Korean)","takeone_label_ja":"日本語 (Japanese)","takeone_label_ru":"русский (Russian)","takeone_label_vi":"Tiếng Việt (Vietnamese)","takeone_file_en":"26-0856_Dec_Service_Changes_TK1_jp-web-ENG.pdf","takeone_file_es":"26-0856_Dec_Service_Changes_TK1_jp-web-SPN.pdf","takeone_file_hy":"26-1003_Dec_Service_Change_jp-Armenian-final.pdf","takeone_file_zh-tw":"26-1001_Dec_Service_Change_jp-Chinese-final.pdf","takeone_file_ko":"26-1000_Dec_Service_Changes_Korean_jp-final.pdf","takeone_file_ja":"26-1002_Dec_Service_Change_TK1_jp-Japanese-final.pdf","takeone_file_ru":"26-1004_Dec_Service_Change_jp-Russian-final.pdf","takeone_file_vi":"26-1005_Dec_Service_Change_jp-Vietnamese-final.pdf"},"updates":{"2":{"update":"Travel time adjustments will be made to weekday and Saturday schedules. Reduced one trip on weekday, Saturday and Sunday in the 6pm period.","reason":"For improved reliability better reflecting actual travel times and ridership. Savings reallocated to other improvements.","map":"","schedule":"002_TT_12-14-25.pdf","description":"Westwood - USC","lineLabel":"","arterials":"Sunset Bl"},"4":{"update":"Travel time adjustments will be made to weekday, Saturday and Sunday schedules. Reduced one weekday eastbound and one westbound trip in the 6pm period.","reason":"For improved reliability better reflecting actual travel times and ridership. Savings reallocated to other improvements.","map":"","schedule":"004_TT_12-14-25.pdf","description":"Santa Monica - Downtown LA","lineLabel":"","arterials":"Santa Monica Bl"},"10":{"update":"Fairfax High School terms start time adjusted.","reason":"To better reflect school schedule.","map":"","schedule":"010_TT_12-14-25.pdf","description":"West Hollywood - Downtown LA","lineLabel":"","arterials":"Temple St, Melrose Av"},"14":{"update":"Travel time adjustments will be made to weekday schedules only.","reason":"For improved reliability better reflecting actual travel times.","map":"","schedule":"014_TT_12-14-25.pdf","description":"Cedars Sinai Medical Center - Downtown LA","lineLabel":"","arterials":"Beverly Bl"},"20":{"update":"Travel time adjustments will be made to weekday, Saturday and Sunday schedules.","reason":"For improved reliability better reflecting actual travel times.","map":"","schedule":"020_TT_12-14-25.pdf","description":"Westwood/Santa Monica - Downtown LA","lineLabel":"","arterials":"Wilshire Bl"},"30":{"update":"Travel time adjustments will be made to weekday and Saturday schedules. Detour via Olympic Bl made permanent between Figueroa St and Union Av.","reason":"To accommodate LA Convention Center Long-Term Construction Project with associated 18-month detour.","map":"","schedule":"030_TT_12-14-25.pdf","description":"Pico Rimpau Transit Center - Little Tokyo Station","lineLabel":"","arterials":"Pico Bl"},"33":{"update":"Travel time adjustments will be made to Saturday and Sunday schedules.","reason":"For improved reliability better reflecting actual travel times.","map":"","schedule":"033_TT_12-14-25.pdf","description":"Santa Monica - Downtown LA","lineLabel":"","arterials":"Venice Bl"},"37":{"update":"Travel time adjustments will be made to weekday schedules only.","reason":"For improved reliability better reflecting actual travel times.","map":"","schedule":"037_TT_12-14-25.pdf","description":"Downtown LA - Washington/Fairfax","lineLabel":"","arterials":"Adams Bl"},"45":{"update":"Travel time adjustments will be made to weekday, Saturday and Sunday schedules. Weekday one trip added northbound in the 8am period and northbound evening trips removed one in the 5am period and one in the 6pm period.","reason":"For improved reliability better reflecting actual travel times and ridership. Savings reallocated to other improvements.","map":"","schedule":"045_TT_12-14-25.pdf","description":"Harbor Freeway Station - Lincoln Heights","lineLabel":"","arterials":"Broadway"},"51":{"update":"Travel time adjustments will be made to weekday, Saturday and Sunday schedules. Reduced two weekday trips in both directions in the 6am period and adjusted Saturday daytime frequency from 7–8 minutes to every 10 minutes.","reason":"For improved reliability better reflecting actual travel times and ridership. Savings reallocated to other improvements.","map":"","schedule":"051_TT_12-14-25.pdf","description":"CSU Dominguez Hills - Westlake/MacArthur Park Station","lineLabel":"","arterials":"7th St, Avalon Bl"},"55":{"update":"Travel time adjustments will be made to weekday, Saturday and Sunday schedules. Added one weekday trip northbound in the 8am period.","reason":"For improved reliability better reflecting actual travel times and ridership.","map":"","schedule":"055_TT_12-14-25.pdf","description":"Willowbrook/Rosa Parks Station - Downtown LA","lineLabel":"","arterials":"Compton Av"},"60":{"update":"Modified three southbound late night trips to end at Artesia Station instead of traveling to Downtown Long Beach following its daytime schedule.","reason":"Change made to improve connections at Artesia Station and reflect the A Line is still in operation providing service to Downtown Long Beach.","map":"","schedule":"060_TT_12-14-25.pdf","description":"Artesia Station - Downtown LA","lineLabel":"","arterials":"Long Beach Bl"},"62":{"update":"Travel time adjustments will be made to weekday, Saturday and Sunday schedules.","reason":"For improved reliability better reflecting actual travel times.","map":"","schedule":"062_TT_12-14-25.pdf","description":"Hawaiian Gardens - Downtown LA","lineLabel":"","arterials":"Telegraph Rd"},"66":{"update":"Travel time adjustments will be made to weekday, Saturday and Sunday schedules.","reason":"For improved reliability better reflecting actual travel times.","map":"","schedule":"066_TT_12-14-25.pdf","description":"Wilshire Center - Montebello Metrolink Station","lineLabel":"","arterials":"8th St, Olympic Bl"},"70":{"update":"Travel time adjustments will be made to weekday, Saturday and Sunday schedules.","reason":"For improved reliability better reflecting actual travel times.","map":"","schedule":"070_TT_12-14-25.pdf","description":"Downtown LA - El Monte","lineLabel":"","arterials":"Cesar Chavez Av, Atlantic Bl, Garvey Av"},"74":{"update":"Formerly Line 106, renumbered to Line 74. Same route, stops and service levels.","reason":"Renumbering aligns with Metro’s standard route numbering system. Route path, stops and service levels remain the same.","map":"","schedule":"074_TT_12-14-25.pdf","description":"Monterey Park - Montebello","lineLabel":"","arterials":"Garvey Av, 1st Av"},"76":{"update":"Travel time adjustments will be made to weekday, Saturday and Sunday schedules.","reason":"For improved reliability better reflecting actual travel times.","map":"","schedule":"076_TT_12-14-25.pdf","description":"Downtown LA - El Monte","lineLabel":"","arterials":"Valley Bl"},"78":{"update":"Travel time adjustments will be made to Saturday schedule only.","reason":"For improved reliability better reflecting actual travel times.","map":"","schedule":"078_TT_12-14-25.pdf","description":"Downtown LA - Arcadia","lineLabel":"","arterials":"Las Tunas Av, Huntington Dr"},"81":{"update":"Travel time adjustments will be made to weekday and Saturday schedules. Reduced one northbound trip in the 8pm period Saturday and Sunday.","reason":"For improved reliability better reflecting actual travel times and ridership. Savings reallocated to other improvements.","map":"","schedule":"081_TT_12-14-25.pdf","description":"Eagle Rock - Harbor Freeway Station","lineLabel":"","arterials":"Figueroa St"},"90":{"update":"Travel time adjustments will be made to weekday, Saturday and Sunday schedules.","reason":"For improved reliability better reflecting actual travel times.","map":"","schedule":"090_TT_12-14-25.pdf","description":"Downtown LA - North Hollywood","lineLabel":"","arterials":"Glendale Av, Foothill Bl, Vineland Av"},"92":{"update":"Adjusted Saturday and Sunday schedules.","reason":"For improved reliability better reflecting actual travel times.","map":"","schedule":"092_TT_12-14-25.pdf","description":"Downtown LA - Sylmar Station","lineLabel":"","arterials":"Glendale Bl, Glenoaks Bl"},"93":{"update":"Travel time adjustments will be made to weekday, Saturday and Sunday schedules.","reason":"For improved reliability better reflecting actual travel times.","map":"","schedule":"093_TT_12-14-25.pdf","description":"Glendale Galleria - Grand/LATTC Station","lineLabel":"","arterials":"San Fernando Rd, Rampart Bl, Hoover St"},"102":{"update":"Travel time adjustments will be made to weekday, Saturday and Sunday schedules.","reason":"For improved reliability better reflecting actual travel times.","map":"","schedule":"102_TT_12-14-25.pdf","description":"LAX City Bus Center - South Gate","lineLabel":"","arterials":"La Tijera Bl, Exposition Bl"},"105":{"update":"Travel time adjustments will be made to weekday, Saturday and Sunday schedules. Reduced one northbound trip in the 5am period.","reason":"For improved reliability better reflecting actual travel times and ridership. Savings reallocated to other improvements.","map":"","schedule":"105_TT_12-14-25.pdf","description":"Vernon - West Hollywood","lineLabel":"","arterials":"La Cienega Bl, Vernon Av"},"106":{"update":"Line 106 renumbered to Line 74. Same route, stops and service levels.","reason":"Renumbering aligns with Metro’s standard route numbering system. Route path, stops and service levels remain the same.","map":"","schedule":"","description":"Monterey Park - Montebello","lineLabel":"","arterials":"Garvey Av, 1st Av"},"108":{"update":"Travel time adjustments will be made to weekday, Saturday and Sunday schedules. Reduced one eastbound trip in the 4am period and one westbound trip in the 4pm period weekday.","reason":"For improved reliability better reflecting actual travel times and ridership. Savings reallocated to other improvements.","map":"","schedule":"108_TT_12-14-25.pdf","description":"Marina Del Rey - Pico Rivera","lineLabel":"","arterials":"Slauson Av"},"110":{"update":"Travel time adjustments will be made to weekday schedule only.","reason":"For improved reliability better reflecting actual travel times.","map":"","schedule":"110_TT_12-14-25.pdf","description":"Playa Vista - Bell Gardens","lineLabel":"","arterials":"Jefferson Bl, Gage Av"},"115":{"update":"Change school trip to end at Manchester/Gulana.","reason":"To accommodate construction work.","map":"","schedule":"115_TT_12-14-25.pdf","description":"Playa Del Rey - Norwalk","lineLabel":"","arterials":"Manchester Av, Firestone Bl"},"117":{"update":"Travel time adjustments will be made to weekday and Saturday schedules. Added one eastbound trip in the 7pm period weekday.","reason":"For improved reliability better reflecting actual travel times and ridership.","map":"","schedule":"117_TT_12-14-25.pdf","description":"LAX City Bus Center - Downey","lineLabel":"","arterials":"Century Bl, Imperial Hwy"},"120":{"update":"Travel time adjustments will be made to weekday and Saturday schedules.","reason":"For improved reliability better reflecting actual travel times.","map":"","schedule":"120_TT_12-14-25.pdf","description":"Aviation/LAX Station - Whittwood Center","lineLabel":"","arterials":"Imperial Hwy"},"125":{"update":"Travel time adjustments will be made to weekday and Saturday schedules. Reduced one eastbound and westbound trip in the 6pm period weekday.","reason":"For improved reliability better reflecting actual travel times and ridership. Savings reallocated to other improvements.","map":"","schedule":"125_ TT_12-14-25.pdf","description":"El Segundo - Norwalk Station","lineLabel":"","arterials":"Rosecrans Av"},"127":{"update":"Travel time adjustments will be made to weekday schedule only. Added one westbound trip at 3:38pm for school ridership. Reduced one eastbound trip in the 7pm period and one westbound trip in the 6pm period weekday.","reason":"For improved reliability better reflecting actual travel times and ridership. Savings reallocated to other improvements.","map":"","schedule":"127_TT_12-14-25.pdf","description":"Harbor Freeway Station - Downey","lineLabel":"","arterials":"Compton Bl, Broadway"},"134":{"update":"Travel time adjustments will be made to weekday, Saturday and Sunday schedules.","reason":"For improved reliability better reflecting actual travel times.","map":"","schedule":"134_TT_12-14-25.pdf","description":"Downtown Santa Monica Station - Malibu","lineLabel":"","arterials":"Pacific Coast Hwy"},"152":{"update":"Travel time adjustments will be made to weekday schedule only.","reason":"For improved reliability better reflecting actual travel times.","map":"","schedule":"152_TT_12-14-25.pdf","description":"West Hills Medical Center - North Hollywood Station","lineLabel":"","arterials":"Roscoe Bl"},"155":{"update":"Travel time adjustments will be made to weekday, Saturday and Sunday schedules.","reason":"For improved reliability better reflecting actual travel times.","map":"","schedule":"155_TT_12-14-25.pdf","description":"Burbank Station - North Hollywood Station","lineLabel":"","arterials":"Riverside Dr, Olive St"},"158":{"update":"One school term only trip added weekday.","reason":"To accommodate school schedule.","map":"","schedule":"158_TT_12-14-25.pdf","description":"Chatsworth Station - Sherman Oaks","lineLabel":"","arterials":"Devonshire, Woodman"},"161":{"update":"Travel time adjustments will be made to Saturday and Sunday schedules.","reason":"For improved reliability better reflecting actual travel times.","map":"","schedule":"161_TT_12-14-25.pdf","description":"Thousand Oaks - Canoga Station","lineLabel":"","arterials":"Westlake Village, Agoura Hills, Calabasas"},"164":{"update":"Travel time adjustments will be made to weekday, Saturday and Sunday schedules. One extra trip added weekday westbound 7am hour.","reason":"For improved reliability better reflecting actual travel times.","map":"","schedule":"164_TT_12-14-25.pdf","description":"West Hills - Burbank","lineLabel":"","arterials":"Victory Bl"},"165":{"update":"Travel time adjustments will be made to weekday schedule only.","reason":"For improved reliability better reflecting actual travel times.","map":"","schedule":"165_TT_12-14-25.pdf","description":"West Hills - Burbank","lineLabel":"","arterials":"Vanowen St"},"167":{"update":"Travel time adjustments will be made to weekday schedule only.","reason":"For improved reliability better reflecting actual travel times.","map":"","schedule":"167_TT_12-14-25.pdf","description":"Chatsworth Station - Studio City","lineLabel":"","arterials":"Plummer, Coldwater Canyon"},"169":{"update":"Travel time adjustments will be made to weekday, Saturday and Sunday schedules.","reason":"For improved reliability better reflecting actual travel times.","map":"","schedule":"169_TT_12-14-25.pdf","description":"Warner Center - Burbank Airport","lineLabel":"","arterials":"Valley Circle, Saticoy St"},"182":{"update":"Travel time adjustments will be made to Saturday schedule only.","reason":"For improved reliability better reflecting actual travel times.","map":"","schedule":"182_TT_12-14-25.pdf","description":"East Hollywood - Rose Hill","lineLabel":"","arterials":"Fletcher Dr, York Bl"},"202":{"update":"Travel time adjustments will be made to weekday schedule only.","reason":"For improved reliability better reflecting actual travel times.","map":"","schedule":"202_TT_12-14-25.pdf","description":"Del Amo Station - Willowbrook","lineLabel":"","arterials":"Willowbrook Av"},"204":{"update":"Travel time adjustments will be made to weekday and Saturday schedules.","reason":"For improved reliability better reflecting actual travel times.","map":"","schedule":"204_TT_12-14-25.pdf","description":"Vermont/Athens Station - Hollywood","lineLabel":"","arterials":"Vermont Av"},"205":{"update":"Travel time adjustments will be made to weekday, Saturday and Sunday schedules.","reason":"For improved reliability better reflecting actual travel times.","map":"","schedule":"205_TT_12-14-25.pdf","description":"San Pedro - Willowbrook/Rosa Parks Station","lineLabel":"","arterials":"Wilmington Av, Vermont Av"},"206":{"update":"Changed northbound loop route in Hollywood.","reason":"Customer convenience.","map":"","schedule":"206_TT_12-14-25.pdf","description":"Vermont/Athens Station - Hollywood","lineLabel":"","arterials":"Normandie Av"},"209":{"update":"Travel time adjustments will be made to weekday schedule only.","reason":"For improved reliability better reflecting actual travel times.","map":"","schedule":"209_TT_12-14-25.pdf","description":"Crenshaw C Line (Green) Station - Expo/Crenshaw Station","lineLabel":"","arterials":"Van Ness Av, Arlington Av"},"211":{"update":"Travel time adjustments will be made to weekday schedule only.","reason":"For improved reliability better reflecting actual travel times.","map":"","schedule":"211-215_TT_12-14-25.pdf","description":"Redondo Beach - Inglewood","lineLabel":"","arterials":"Prairie Av"},"212":{"update":"Travel time adjustments will be made to Saturday and Sunday schedules.","reason":"For improved reliability better reflecting actual travel times.","map":"","schedule":"212_TT_12-14-25.pdf","description":"Hawthorne/Lennox Station - Hollywood/Highland Station","lineLabel":"","arterials":"La Brea Av"},"215":{"update":"Travel time adjustments will be made to weekday schedule only.","reason":"For improved reliability better reflecting actual travel times.","map":"","schedule":"211-215_TT_12-14-25.pdf","description":"Redondo Beach - Inglewood","lineLabel":"","arterials":"Inglewood Av"},"218":{"update":"Travel time adjustments will be made to weekday schedule only.","reason":"For improved reliability better reflecting actual travel times.","map":"","schedule":"218_TT_12-14-25.pdf","description":"Cedars Sinai Medical Center - Studio City","lineLabel":"","arterials":"Laurel Canyon Bl, Fairfax Bl"},"230":{"update":"Added AM school terms only trip weekday.","reason":"To accommodate school schedule.","map":"","schedule":"230_TT_12-14-25.pdf","description":"Studio City - Sylmar Metrolink Station","lineLabel":"","arterials":"Laurel Canyon Bl"},"232":{"update":"Travel time adjustments will be made to weekday, Saturday and Sunday schedules. Reduced one northbound trip weekday 6am period.","reason":"For improved reliability better reflecting actual travel times and ridership. Savings reallocated to other improvements.","map":"","schedule":"232_TT_12-14-25.pdf","description":"Long Beach - LAX City Bus Center","lineLabel":"","arterials":"Sepulveda Bl, Pacific Coast Hwy"},"234":{"update":"Travel time adjustments will be made to weekday schedule only.","reason":"For improved reliability better reflecting actual travel times.","map":"","schedule":"234_TT_12-14-25.pdf","description":"Sherman Oaks - Sylmar","lineLabel":"","arterials":"Sepulveda Bl"},"235":{"update":"Travel time adjustments will be made to weekday schedule only.","reason":"For improved reliability better reflecting actual travel times.","map":"","schedule":"235-236_TT_12-14-25.pdf","description":"Encino - Sylmar Metrolink Station","lineLabel":"","arterials":"Balboa Bl, Foothill Bl, Glenoaks Bl"},"236":{"update":"Travel time adjustments will be made to weekday schedule only.","reason":"For improved reliability better reflecting actual travel times.","map":"","schedule":"235-236_TT_12-14-25.pdf","description":"Encino - Sylmar Metrolink Station","lineLabel":"","arterials":"Balboa Bl, Foothill Bl, Glenoaks Bl"},"237":{"update":"Travel time adjustments will be made to weekday, Saturday and Sunday schedules.","reason":"For improved reliability better reflecting actual travel times.","map":"","schedule":"237_TT_12-14-25.pdf","description":"Encino - North Hollywood","lineLabel":"","arterials":"White Oak Av, Rinaldi St, Woodley Av"},"246":{"update":"Travel time adjustments will be made to weekday schedule only.","reason":"For improved reliability better reflecting actual travel times.","map":"","schedule":"246_TT_12-14-25.pdf","description":"San Pedro - Harbor Gateway Transit Center","lineLabel":"","arterials":"Avalon Bl"},"251":{"update":"Travel time adjustments will be made to weekday and Saturday schedules.","reason":"For improved reliability better reflecting actual travel times and ridership. Savings reallocated to other improvements.","map":"","schedule":"251_TT_12-14-25.pdf","description":"Long Beach Bl C Line Station - Eagle Rock","lineLabel":"","arterials":"Soto St"},"260":{"update":"Travel time adjustments will be made to weekday and Saturday schedules. Reduced weekday one trip northbound in the 8pm period and one trip southbound in the 6pm period.","reason":"For improved reliability better reflecting actual travel times and ridership. Savings reallocated to other improvements.","map":"","schedule":"260-261_TT_12-14-25.pdf","description":"Willowbrook/Rosa Parks Station - Pasadena","lineLabel":"","arterials":"Fair Oaks Av, Atlantic Bl"},"261":{"update":"Travel time adjustments will be made to weekday and Saturday schedules. Reduced weekday one trip northbound in the 8pm period and one trip southbound in the 6pm period.","reason":"For improved reliability better reflecting actual travel times and ridership. Savings reallocated to other improvements.","map":"","schedule":"260-261_TT_12-14-25.pdf","description":"Artesia Station - Pasadena","lineLabel":"","arterials":"Fair Oaks Av, Atlantic Bl"},"265":{"update":"Travel time adjustments will be made to weekday and Saturday schedules. Reduced weekday one trip northbound and one trip southbound PM peak.","reason":"For improved reliability better reflecting actual travel times and ridership. Savings reallocated to other improvements.","map":"","schedule":"265_TT_12-14-25.pdf","description":"Lakewood Center Mall - Pico Rivera","lineLabel":"","arterials":"Paramount Bl"},"266":{"update":"Travel time adjustments will be made to Saturday schedule only.","reason":"For improved reliability better reflecting actual travel times.","map":"","schedule":"266_TT_12-14-25.pdf","description":"Lakewood Center Mall - Sierra Madre Villa Station","lineLabel":"","arterials":"Rosemead Bl"},"267":{"update":"Travel time adjustments will be made to weekday, Saturday and Sunday schedules.","reason":"For improved reliability better reflecting actual travel times.","map":"","schedule":"267_TT_12_14_25.pdf","description":"El Monte Station - Pasadena","lineLabel":"","arterials":"Del Mar Bl, Temple City Bl"},"294":{"update":"Travel time adjustments will be made to weekday schedule only.","reason":"For improved reliability better reflecting actual travel times.","map":"","schedule":"294_TT_12-14-25.pdf","description":"Burbank Station - Sylmar Metrolink Station","lineLabel":"","arterials":"San Fernando Rd"},"296":{"update":"Travel time adjustments will be made to weekday, Saturday and Sunday schedules.","reason":"For improved reliability better reflecting actual travel times.","map":"","schedule":"296_TT_12-14-25.pdf","description":"Lincoln/Cypress Station - Burbank Station","lineLabel":"","arterials":"Riverside Dr"},"344":{"update":"Travel time adjustments will be made to weekday and Sunday schedules.","reason":"For improved reliability better reflecting actual travel times.","map":"","schedule":"344_TT_12-14-25.pdf","description":"Palos Verdes - Harbor Gateway Transit Center","lineLabel":"","arterials":"Hawthorne Bl"},"460":{"update":"Travel time adjustments will be made to weekday, Saturday and Sunday schedules.","reason":"For improved reliability better reflecting actual travel times.","map":"","schedule":"460_TT_12-14-25.pdf","description":"Downtown LA - Disneyland","lineLabel":"","arterials":"I-110 Freeway, I-105 Freeway"},"487":{"update":"Travel time adjustments will be made to weekday schedule westbound only.","reason":"For improved reliability better reflecting actual travel times.","map":"","schedule":"487-489_TT_12-14-25.pdf","description":"Downtown LA - Sierra Madre Villa Station","lineLabel":"","arterials":""},"489":{"update":"Travel time adjustments will be made to weekday schedule westbound only.","reason":"For improved reliability better reflecting actual travel times.","map":"","schedule":"487-489_TT_12-14-25.pdf","description":"Downtown LA - Temple City","lineLabel":"","arterials":""},"550":{"update":"Travel time adjustments will be made to weekday schedule only.","reason":"For improved reliability better reflecting actual travel times.","map":"","schedule":"550_TT_12-14-25.pdf","description":"Harbor Gateway Transit Center - Exposition Park","lineLabel":"","arterials":"Harbor Transitway"},"577":{"update":"Travel time adjustments will be made to weekday schedule only. Northbound improved headway from 30 to 25 minutes. Southbound headway change from 30 to 40 minutes reducing one trip in the 1pm period.","reason":"For improved reliability better reflecting actual travel times and ridership. Savings reallocated to other improvements.","map":"","schedule":"577_TT_12-14-25.pdf","description":"Long Beach VA Medical Center - El Monte Station","lineLabel":"","arterials":"I-605 Freeway"},"601":{"update":"Travel time adjustments will be made to weekday, Saturday and Sunday schedules.","reason":"For improved reliability better reflecting actual travel times.","map":"","schedule":"601_TT_12-14-25.pdf","description":"Kaiser/Warner Center Corporate Park - Canoga Station","lineLabel":"","arterials":"Owensmouth Av, Canoga Av, Burbank Bl"},"602":{"update":"Travel time adjustments will be made to weekday, Saturday and Sunday schedules. Service fully restored (route path, stops and service levels).","reason":"For improved reliability better reflecting actual travel times. Pacific Palisades Fire Recovery successful.","map":"","schedule":"602_TT_12-14-25.pdf","description":"Pacific Palisades - Westwood","lineLabel":"","arterials":"Sunset Bl"},"660":{"update":"Service fully restored (route path, stops and service levels).","reason":"Eaton Fire Recovery in Altadena successful.","map":"","schedule":"660_TT_ 12-14-25.pdf","description":"Pasadena - Altadena","lineLabel":"Del Mar Station - Altadena Shuttle","arterials":"Fair Oaks Av"},"662":{"update":"Travel time adjustments will be made to weekday schedule only. Service fully restored (route path, stops and service levels).","reason":"For improved reliability better reflecting actual travel times. Eaton Fire Recovery in Altadena successful.","map":"","schedule":"662_TT_12-14-25.pdf","description":"Altadena - Pasadena Shuttle","lineLabel":"Altadena - Pasadena Shuttle","arterials":"Lake Av, Los Robles Av, Lincoln Av"},"720":{"update":"Travel time adjustments will be made to weekday, Saturday and Sunday schedules.","reason":"For improved reliability better reflecting actual travel times.","map":"","schedule":"720_TT_12-14-25.pdf","description":"Santa Monica - Downtown LA","lineLabel":"","arterials":"Wilshire Bl"},"761":{"update":"Travel time adjustments will be made to Saturday and Sunday schedules.","reason":"For improved reliability better reflecting actual travel times.","map":"","schedule":"761_TT_12-14-25.pdf","description":"Expo/Sepulveda Station - Sylmar Station","lineLabel":"","arterials":"San Fernando Bl, Van Nuys Bl, Sepulveda Bl"},"910":{"update":"Travel time adjustments will be made to weekday, Saturday and Sunday schedules. Weekday reduced two trips northbound in the 5am and 7pm period and two southbound trips in the 5am and 6pm period.","reason":"For improved reliability better reflecting actual travel times and ridership. Savings reallocated to other improvements.","map":"","schedule":"910_Silver_Line_TT _12-14-25.pdf","description":"Harbor Gateway - El Monte","lineLabel":"J Line","arterials":""},"950":{"update":"Travel time adjustments will be made to weekday, Saturday and Sunday schedules. Weekday reduced two trips northbound in the 5am and 7pm period and two southbound trips in the 5am and 6pm period.","reason":"For improved reliability better reflecting actual travel times and ridership. Savings reallocated to other improvements.","map":"","schedule":"910_Silver_Line_TT _12-14-25.pdf","description":"San Pedro - El Monte","lineLabel":"J Line","arterials":""}},"lineList":["2","4","10","14","20","30","33","37","45","51","55","60","62","66","70","74","76","78","81","90","92","93","102","105","106","108","110","115","117","120","125","127","134","152","155","158","161","164","165","167","169","182","202","204","205","206","209","211","212","215","218","230","232","234","235","236","237","246","251","260","261","265","266","267","294","296","344","460","487","489","550","577","601","602","660","662","720","761","910","950"]}